{"cameraMode":{"drawMode":0,"name":"Shaded","section":"Shading Mode"},"sceneLighting":false,"audioPlay":false,"sceneViewState":{"showFog":true,"showMaterialUpdate":false,"showSkybox":false,"showFlares":true,"showImageEffects":true,"showParticleSystems":true},"in2DMode":false,"pivot":{"x":0.016570568084716798,"y":-0.005023956298828125,"z":-0.04138892889022827},"rotation":{"x":0.3606729805469513,"y":-0.2788665294647217,"z":0.11394447833299637,"w":0.8827043175697327},"size":0.866025447845459,"orthographic":false}