{"cameraMode":{"drawMode":0,"name":"Shaded","section":"Shading Mode"},"sceneLighting":false,"audioPlay":false,"sceneViewState":{"showFog":true,"showMaterialUpdate":false,"showSkybox":false,"showFlares":true,"showImageEffects":true,"showParticleSystems":true},"in2DMode":false,"pivot":{"x":5.706282615661621,"y":8.209903717041016,"z":26.594444274902345},"rotation":{"x":0.17008689045906068,"y":-0.10473264753818512,"z":0.018193302676081659,"w":0.9796971082687378},"size":10.045896530151368,"orthographic":true}