{"cameraMode":{"drawMode":0,"name":"Shaded","section":"Shading Mode"},"sceneLighting":true,"audioPlay":false,"sceneViewState":{"showFog":true,"showMaterialUpdate":false,"showSkybox":true,"showFlares":true,"showImageEffects":true,"showParticleSystems":true},"in2DMode":false,"pivot":{"x":3.0979528427124025,"y":-3.21875,"z":-8.767951965332032},"rotation":{"x":0.27634191513061526,"y":-0.29644232988357546,"z":0.0900457501411438,"w":0.9097527265548706},"size":68.07222747802735,"orthographic":true}