{"cameraMode":{"drawMode":0,"name":"Shaded","section":"Shading Mode"},"sceneLighting":false,"audioPlay":false,"sceneViewState":{"showFog":true,"showMaterialUpdate":false,"showSkybox":false,"showFlares":true,"showImageEffects":true,"showParticleSystems":true},"in2DMode":false,"pivot":{"x":2.384185791015625e-7,"y":0.0000035762786865234377,"z":-0.0000034570693969726564},"rotation":{"x":-0.22453109920024873,"y":0.47794196009635928,"z":-0.12779957056045533,"w":-0.8395919799804688},"size":13.669116020202637,"orthographic":false}