{"cameraMode":{"drawMode":0,"name":"Shaded","section":"Shading Mode"},"sceneLighting":false,"audioPlay":false,"sceneViewState":{"showFog":true,"showMaterialUpdate":false,"showSkybox":false,"showFlares":true,"showImageEffects":true,"showParticleSystems":true},"in2DMode":false,"pivot":{"x":-19.079999923706056,"y":0.3199999928474426,"z":-30.28000259399414},"rotation":{"x":0.026302989572286607,"y":-0.7278998494148254,"z":0.027962621301412584,"w":0.6846599578857422},"size":3.5707149505615236,"orthographic":false}