{"cameraMode":{"drawMode":0,"name":"Shaded","section":"Shading Mode"},"sceneLighting":false,"audioPlay":false,"sceneViewState":{"showFog":true,"showMaterialUpdate":false,"showSkybox":false,"showFlares":true,"showImageEffects":true,"showParticleSystems":true},"in2DMode":false,"pivot":{"x":44.724796295166019,"y":30.898544311523439,"z":-39.314308166503909},"rotation":{"x":0.0789954662322998,"y":-0.36217910051345827,"z":0.03083273209631443,"w":0.9282689094543457},"size":5.7623467445373539,"orthographic":true}