{"cameraMode":{"drawMode":0,"name":"Shaded","section":"Shading Mode"},"sceneLighting":false,"audioPlay":false,"sceneViewState":{"showFog":true,"showMaterialUpdate":false,"showSkybox":false,"showFlares":true,"showImageEffects":true,"showParticleSystems":true},"in2DMode":false,"pivot":{"x":0.0,"y":0.5000000596046448,"z":-5.960464477539063e-8},"rotation":{"x":0.18823610246181489,"y":-0.18583808839321137,"z":0.03629908710718155,"w":0.9636986255645752},"size":0.5000000596046448,"orthographic":false}