{"cameraMode":{"drawMode":0,"name":"Shaded","section":"Shading Mode"},"sceneLighting":false,"audioPlay":false,"sceneViewState":{"showFog":true,"showMaterialUpdate":false,"showSkybox":false,"showFlares":true,"showImageEffects":true,"showParticleSystems":true},"in2DMode":false,"pivot":{"x":-0.6937546730041504,"y":-0.05807352066040039,"z":50.08000183105469},"rotation":{"x":0.5095681548118591,"y":-0.023225979879498483,"z":0.013761600479483605,"w":0.860007643699646},"size":8.469727516174317,"orthographic":false}