{"cameraMode":{"drawMode":0,"name":"Shaded","section":"Shading Mode"},"sceneLighting":false,"audioPlay":false,"sceneViewState":{"showFog":true,"showMaterialUpdate":false,"showSkybox":false,"showFlares":true,"showImageEffects":true,"showParticleSystems":true},"in2DMode":false,"pivot":{"x":1.832754135131836,"y":0.22400188446044923,"z":-40.8897819519043},"rotation":{"x":-0.04594988375902176,"y":0.9368070960044861,"z":-0.13470083475112916,"w":-0.31962114572525027},"size":9.063187599182129,"orthographic":false}